T1,T1 Outcome,T1 Score,T1 Location,T1 Avg Points,T1 Avg Yards,T1 NPY/A,T1 NRY/A,T1 3rd,T1 4th,T1 Avg Points Def,T1 Avg Yards Def,T1 NPY/A Def,T1 NRY/A Def,T1 3rd Def,T1 4th Def,T2,T2 Outcome,T2 Score,T2 Location,T2 Avg Points,T2 Avg Yards,T2 NPY/A,T2 NRY/A,T2 3rd,T2 4th,T2 Avg Points Def,T2 Avg Yards Def,T2 NPY/A Def,T2 NRY/A Def,T2 3rd Def,T2 4th Def
Indianapolis Colts,0,0,Away,28.1875,378.0625,7.1,4.3,0.396,0.615,22.625,332.125,6.4,3.7,0.424,0.429,Buffalo Bills,1,0,Home,31.3125,396.4375,7.4,4.2,0.49700000000000005,0.8,23.4375,352.5,6.1,4.6,0.39799999999999996,0.579
Los Angeles Rams,1,0,Away,23.25,377.0,6.5,4.3,0.434,0.47100000000000003,18.5,281.9375,5.1,3.8,0.354,0.429,Seattle Seahawks,0,0,Home,28.6875,369.5,6.5,4.8,0.402,0.5710000000000001,23.1875,380.5625,6.3,3.9,0.47100000000000003,0.435
Washington Football Team,0,0,Home,20.9375,317.25,5.3,4.0,0.391,0.579,20.5625,304.5625,5.3,4.2,0.375,0.375,Tampa Bay Buccaneers,1,0,Away,30.75,384.0625,7.1,4.1,0.435,0.5710000000000001,22.1875,327.125,5.9,3.6,0.4,0.56
Baltimore Ravens,1,0,Away,29.25,363.125,6.3,5.5,0.488,0.632,18.9375,329.75,5.6,4.6,0.34,0.457,Tennessee Titans,0,0,Home,30.6875,396.4375,7.2,5.2,0.462,0.625,27.4375,398.25,6.8,4.5,0.519,0.5770000000000001
New Orleans Saints,1,0,Home,30.125,376.4375,6.8,4.6,0.447,0.688,21.0625,310.875,5.8,3.9,0.382,0.5329999999999999,Chicago Bears,0,0,Away,23.25,331.375,5.6,4.2,0.34600000000000003,0.607,23.125,344.9375,6.4,4.1,0.381,0.591
Cleveland Browns,1,0,Away,25.5,369.5625,6.7,4.8,0.449,0.33299999999999996,26.1875,358.4375,6.4,4.3,0.439,0.815,Pittsburgh Steelers,0,0,Home,26.0,334.625,6.0,3.6,0.42200000000000004,0.526,19.5,305.8125,5.3,4.3,0.374,0.25
